SignalID,Signal
0309851F-E168-46F3-9829-149A463BA272,CR20 @ Mall
0C6F62BB-A77E-4AF8-A888-B67938D20863,State Police Dr @ CR17
10F7B8DE-56B5-4476-B2A5-AA186C0C88AE,Hoffman @ CR17
140E8E9B-8081-40AB-BB23-045DB21B67D6,SR119 & CR17
1F3F38C4-6427-4B79-87FE-9C562F4B4822,Executive @ CR 17
41C249E0-9EAA-4A56-B2FF-88F17271D05A,CR20 @ CR17
41EAF40D-2822-4D6A-BA34-69A094DC7EFB,CR20 @ CR7
426936B5-3DF2-444D-9EB8-555CC1296A71,CR18 @ CR17
42BD6FFF-98C4-4954-9473-7D404E5F5507,Missouri @ CR 17
4825C5D5-56C6-44F9-93EA-59C2C84CA1DC,SR 120 @ CR17
4E2F82B9-5607-45F5-8AA0-4BD40A652F2B,CR14  @ CR17
55425607-36CF-4D27-9392-47BA2A14E3A1,Beck @ CR17
5FAF421D-C5CC-4A67-BB9B-F0281DF3BBA5,Steury Test Cabinet
64AC68A9-A856-4401-A2BF-04F329887DDC,CR6 @ CR17
6C8C87B3-2FA4-4851-BFB2-3EB13EB31D14,Test00
70D7E162-768E-4EC0-B3CD-F344E3C23266,CR10 @ CR17
89E6ABE5-3DAC-4687-BE48-595B380BE4B8,US 20 N Ramp @ CR17
95CA9EB9-5C50-49B9-B13E-D2186DB2B521,CR20 @ Minuteman
993A4B4F-E6D6-4D5F-A8F3-0EF825D7D957,CR 4 @ CR 17
9A27BECC-5FF2-4218-99F4-D25EAA78B157,Test 001
9CCE318A-49A4-4820-966C-D22EB55DF7F7,CR28 @ CR17
A320DE99-0010-49F4-9EB8-69AD7E09EB29,Missouri @ CR 45
B3CE9624-0F09-45C4-822F-ED3AD28B957D,CR10 @ CR15
B460F69F-1B73-49A7-A3CA-563BE625A3B3,CR38 @ CR17
B464F6E4-D267-4585-A3D3-D8EB4B9E01F2,US 20 S Ramp @ CR17
BC5C1640-021B-4144-BA49-5C2C0764F62D,Verdant @ CR 17
C1C1622D-663F-4F11-B6AF-FA9ED1528BE8,Reith @ CR 17
C316CA9A-6148-439A-A67B-0B638FF9D06E,CR20 @ CR9
